City_ID,City,Country,Date,Lat,Lng,Max Temp,Humidity,Cloudiness,Wind Speed
0,Severo-Kurilsk,RU,2021-05-24 01:24:04,50.6789,156.125,46.58,62,21,13.8
1,Bara,NG,2021-05-24 01:24:04,10.3744,10.7288,82.54,58,47,5.19
2,Hamilton,US,2021-05-24 01:21:16,39.1834,-84.5333,80.04,74,90,2.93
3,Bethel,US,2021-05-24 01:24:05,41.3712,-73.414,75.81,60,20,13.8
4,Albany,US,2021-05-24 01:24:05,42.6001,-73.9662,63.3,67,96,9.35
5,Goderich,CA,2021-05-24 01:24:06,43.7501,-81.7165,61.12,59,100,10.36
6,Mataura,NZ,2021-05-24 01:24:06,-46.1927,168.8643,49.48,73,31,1.99
7,Jamestown,US,2021-05-24 01:23:26,42.097,-79.2353,70.92,88,90,9.22
8,Lagoa,PT,2021-05-24 01:24:06,39.05,-27.9833,60.42,65,100,8.05
9,Rikitea,PF,2021-05-24 01:24:07,-23.1203,-134.9692,75.04,73,37,4.07
10,Berlevag,NO,2021-05-24 01:24:07,70.8578,29.0864,35.37,69,14,1.3
11,Puerto Ayora,EC,2021-05-24 01:24:08,-0.7393,-90.3518,74.55,90,16,5.01
12,Japura,ID,2021-05-24 01:24:08,-0.3167,102.35,79.72,80,100,1.74
13,Qaanaaq,GL,2021-05-24 01:24:08,77.484,-69.3632,23.95,79,5,4.9
14,Severodvinsk,RU,2021-05-24 01:20:09,64.5635,39.8302,37.51,78,100,16.02
15,Hasaki,JP,2021-05-24 01:24:09,35.7333,140.8333,79.29,73,100,5.64
16,Ushuaia,AR,2021-05-24 01:20:12,-54.8,-68.3,42.46,81,40,11.5
17,Krasnaya Zarya,RU,2021-05-24 01:24:09,52.7825,37.6806,47.88,87,62,5.61
18,Ngong,KE,2021-05-24 01:24:10,-1.3618,36.6566,59.77,83,100,2.33
19,Vilcun,CL,2021-05-24 01:24:10,-38.65,-72.2333,45.34,80,100,3.29
20,Valentin Gomez Farias,MX,2021-05-24 01:21:16,28.2167,-106.5833,91.58,9,47,20.0
21,Cape Town,ZA,2021-05-24 01:21:16,-33.9258,18.4232,67.08,42,0,8.57
22,New Norfolk,AU,2021-05-24 01:24:11,-42.7826,147.0587,54.75,49,100,3.98
23,Northam,GB,2021-05-24 01:24:11,51.0333,-4.2167,50.09,90,5,14.67
24,Port Alfred,ZA,2021-05-24 01:24:12,-33.5906,26.891,64.9,30,8,9.19
25,Cherskiy,RU,2021-05-24 01:24:12,68.75,161.3,47.68,46,11,6.96
26,Yellowknife,CA,2021-05-24 01:24:12,62.456,-114.3525,57.72,51,20,5.01
27,Estevan,CA,2021-05-24 01:24:13,49.1334,-102.9842,52.14,93,90,18.41
28,Souillac,MU,2021-05-24 01:24:14,-20.5167,57.5167,71.98,81,40,13.73
29,Ilulissat,GL,2021-05-24 01:24:14,69.2167,-51.1,39.22,41,75,13.8
30,Ucluelet,CA,2021-05-24 01:21:22,48.9329,-125.5528,66.04,80,95,1.01
31,Saint-Philippe,RE,2021-05-24 01:24:15,-21.3585,55.7679,67.59,82,96,12.68
32,Punta Arenas,CL,2021-05-24 01:22:22,-53.15,-70.9167,42.91,75,40,14.45
33,Carnarvon,AU,2021-05-24 01:24:15,-24.8667,113.6333,66.27,82,55,6.91
34,Bengkulu,ID,2021-05-24 01:24:16,-3.8004,102.2655,78.89,80,96,3.11
35,Salinas,US,2021-05-24 01:21:01,36.6777,-121.6555,73.0,59,1,13.8
36,Cayenne,GF,2021-05-24 01:24:16,4.9333,-52.3333,78.1,90,75,1.01
37,Iberia,US,2021-05-24 01:21:42,29.9502,-91.7507,78.06,80,1,6.98
38,Inta,RU,2021-05-24 01:24:17,66.0317,60.1659,34.41,54,6,13.06
39,Cabo San Lucas,MX,2021-05-24 01:19:36,22.8909,-109.9124,84.81,50,40,0.0
40,Faanui,PF,2021-05-24 01:24:17,-16.4833,-151.75,81.5,76,100,10.92
41,Tasiilaq,GL,2021-05-24 01:24:18,65.6145,-37.6368,32.16,96,100,17.16
42,Georgetown,MY,2021-05-24 01:19:25,5.4112,100.3354,84.88,80,20,4.61
43,Iki-Burul,RU,2021-05-24 01:24:18,45.8208,44.6472,64.74,86,100,10.29
44,Kaitangata,NZ,2021-05-24 01:24:19,-46.2817,169.8464,48.92,75,100,3.76
45,Saldanha,ZA,2021-05-24 01:24:19,-33.0117,17.9442,62.65,56,100,12.15
46,Vydrino,RU,2021-05-24 01:24:19,51.485,104.8461,43.25,64,99,4.09
47,Port Elizabeth,ZA,2021-05-24 01:24:20,-33.918,25.5701,62.1,71,0,4.61
48,Lompoc,US,2021-05-24 01:22:14,34.6391,-120.4579,72.79,82,90,5.01
49,Gua Musang,MY,2021-05-24 01:21:06,4.8823,101.9644,77.05,86,100,0.63
50,Vaini,TO,2021-05-24 01:24:20,-21.2,-175.2,73.56,88,75,12.66
51,Kulhudhuffushi,MV,2021-05-24 01:24:21,6.6221,73.07,83.1,78,100,18.61
52,San Cristobal,VE,2021-05-24 01:20:25,7.7669,-72.225,75.38,87,91,2.91
53,Qasigiannguit,GL,2021-05-24 01:24:21,68.8193,-51.1922,39.45,67,100,9.66
54,Seoul,KR,2021-05-24 01:20:09,37.5683,126.9778,69.19,50,40,3.29
55,Lebu,CL,2021-05-24 01:24:22,-37.6167,-73.65,53.02,81,82,2.26
56,Fortuna,US,2021-05-24 01:24:22,40.5982,-124.1573,72.19,64,1,3.0
57,Saint George,US,2021-05-24 01:24:22,37.1041,-113.5841,75.67,15,1,1.99
58,Busselton,AU,2021-05-24 01:24:23,-33.65,115.3333,49.08,65,90,17.45
59,Florence,IT,2021-05-24 01:24:23,43.7667,11.25,64.08,73,40,4.61
60,Price,US,2021-05-24 01:24:24,39.5994,-110.8107,55.11,43,75,0.0
61,Kyshtovka,RU,2021-05-24 01:24:24,56.555,76.6271,60.96,85,100,5.7
62,Kalmunai,LK,2021-05-24 01:24:24,7.4167,81.8167,80.83,78,66,5.35
63,Mar Del Plata,AR,2021-05-24 01:20:06,-38.0023,-57.5575,56.12,51,40,5.99
64,Mahebourg,MU,2021-05-24 01:24:25,-20.4081,57.7,71.89,88,40,8.05
65,Marovoay,MG,2021-05-24 01:24:25,-16.1,46.6333,68.14,65,52,3.36
66,Kandi,BJ,2021-05-24 01:24:26,11.1342,2.9386,86.02,50,100,5.55
67,Talnakh,RU,2021-05-24 01:24:26,69.4865,88.3972,33.15,99,100,6.58
68,Cap Malheureux,MU,2021-05-24 01:24:26,-19.9842,57.6142,72.09,82,19,5.01
69,Lata,PT,2021-05-24 01:24:27,40.1629,-8.3327,58.82,87,95,2.08
70,Jiwani,PK,2021-05-24 01:24:27,25.05,61.7417,83.17,80,95,6.58
71,Castro,BR,2021-05-24 01:24:27,-24.7911,-50.0119,48.69,58,0,8.9
72,Bilibino,RU,2021-05-24 01:24:28,68.0546,166.4372,35.8,72,7,1.34
73,Hobart,AU,2021-05-24 01:19:29,-42.8794,147.3294,55.11,80,75,1.01
74,Victoria,HK,2021-05-24 01:24:18,22.2855,114.1577,89.65,78,86,1.01
75,Nikolskoye,RU,2021-05-24 01:24:30,59.7035,30.7861,51.4,93,100,16.04
76,Esperance,AU,2021-05-24 01:24:30,-33.8667,121.9,51.64,77,100,26.69
77,Aden,YE,2021-05-24 01:24:30,12.7794,45.0367,86.49,74,19,12.91
78,Ribeira Grande,PT,2021-05-24 01:24:31,38.5167,-28.7,60.4,63,73,3.87
79,Bambous Virieux,MU,2021-05-24 01:24:31,-20.3428,57.7575,71.85,78,40,14.38
80,Ponta Do Sol,PT,2021-05-24 01:24:31,32.6667,-17.1,65.03,72,97,10.65
81,Tiksi,RU,2021-05-24 01:24:32,71.6872,128.8694,35.55,80,91,10.67
82,Hermanus,ZA,2021-05-24 01:23:18,-34.4187,19.2345,59.81,49,100,7.96
83,Tacuarembo,UY,2021-05-24 01:22:04,-31.7333,-55.9833,49.03,86,0,14.52
84,Khatanga,RU,2021-05-24 01:24:32,71.9667,102.5,38.48,96,100,5.53
85,Norman Wells,CA,2021-05-24 01:24:33,65.282,-126.8329,44.64,87,75,14.97
86,Los Llanos De Aridane,ES,2021-05-24 01:24:33,28.6585,-17.9182,64.15,61,40,20.65
87,Te Anau,NZ,2021-05-24 01:24:33,-45.4167,167.7167,47.28,75,24,3.18
88,Bone,DE,2021-05-24 01:24:34,51.9669,12.1396,49.37,91,29,6.15
89,Ancud,CL,2021-05-24 01:24:34,-41.8697,-73.8203,51.42,93,100,8.48
90,Padang,ID,2021-05-24 01:24:35,-0.9492,100.3543,82.45,79,29,1.9
91,Butaritari,KI,2021-05-24 01:24:35,3.0707,172.7902,82.89,78,86,12.75
92,Atuona,PF,2021-05-24 01:24:35,-9.8,-139.0333,80.4,77,24,20.74
93,Grimshaw,CA,2021-05-24 01:24:36,56.1834,-117.6027,74.1,32,75,5.95
94,Yamada,JP,2021-05-24 01:24:36,39.4667,141.95,67.05,67,97,5.55
95,Puerto Escondido,MX,2021-05-24 01:23:01,15.85,-97.0667,85.03,70,40,2.3
96,Ixtapa,MX,2021-05-24 01:24:37,20.7,-105.2,80.22,78,20,11.5
97,Bandundu,CD,2021-05-24 01:24:37,-3.3167,17.3667,72.9,92,100,0.69
98,Turukhansk,RU,2021-05-24 01:24:38,65.8167,87.9833,40.15,92,100,16.8
99,Dombas,NO,2021-05-24 01:24:38,62.0696,9.1235,41.5,96,100,6.44
100,Nabire,ID,2021-05-24 01:24:38,-3.3667,135.4833,76.08,95,100,2.42
101,Alihe,CN,2021-05-24 01:24:39,50.5667,123.7167,42.03,81,100,6.67
102,Codrington,AU,2021-05-24 01:24:39,-38.2667,141.9667,61.47,55,100,15.03
103,Sao Filipe,CV,2021-05-24 01:24:39,14.8961,-24.4956,72.34,82,7,10.22
104,Cidreira,BR,2021-05-24 01:24:40,-30.1811,-50.2056,57.96,67,97,26.75
105,Kenora,CA,2021-05-24 01:19:44,49.8167,-94.4337,49.17,81,90,9.22
106,Kharp,RU,2021-05-24 01:24:40,66.8014,65.8081,34.0,57,19,16.13
107,Tual,ID,2021-05-24 01:24:40,-5.6667,132.75,79.21,89,100,28.68
108,Gore,NZ,2021-05-24 01:24:41,-46.1028,168.9436,49.23,74,21,2.42
109,Muswellbrook,AU,2021-05-24 01:24:42,-32.2667,150.9,64.53,67,48,3.58
110,Beyneu,KZ,2021-05-24 01:24:42,45.3167,55.2,76.03,24,0,11.5
111,Pevek,RU,2021-05-24 01:24:42,69.7008,170.3133,32.13,85,10,5.59
112,Dukat,RU,2021-05-24 01:24:43,62.55,155.55,37.67,79,89,1.45
113,Dhidhdhoo,MV,2021-05-24 01:24:43,6.8833,73.1,83.37,78,100,18.19
114,Hilo,US,2021-05-24 01:24:43,19.7297,-155.09,80.33,80,75,11.5
115,Najran,SA,2021-05-24 01:24:44,17.4924,44.1277,77.65,45,0,7.56
116,Hualmay,PE,2021-05-24 01:24:44,-11.0964,-77.6139,64.08,88,85,6.96
117,Lahat,ID,2021-05-24 01:24:44,-3.8,103.5333,77.77,87,94,1.16
118,Dalby,AU,2021-05-24 01:24:45,-27.1833,151.2667,68.7,44,0,13.42
119,Korla,CN,2021-05-24 01:24:45,41.7597,86.1469,69.21,20,100,14.81
120,Arraial Do Cabo,BR,2021-05-24 01:24:45,-22.9661,-42.0278,74.91,79,100,7.31
121,Kapaa,US,2021-05-24 01:24:46,22.0752,-159.319,82.38,70,40,1.99
122,Sur,OM,2021-05-24 01:24:46,22.5667,59.5289,86.25,53,0,14.94
123,Pacific Grove,US,2021-05-24 01:24:46,36.6177,-121.9166,72.61,78,1,1.99
124,Eureka,US,2021-05-24 01:24:47,40.8021,-124.1637,61.2,72,95,5.99
125,Kavieng,PG,2021-05-24 01:24:47,-2.5744,150.7967,82.6,76,100,6.13
126,Raudeberg,NO,2021-05-24 01:24:48,61.9875,5.1352,48.87,95,100,3.78
127,Langsa,ID,2021-05-24 01:24:48,4.4683,97.9683,79.48,86,19,1.72
128,Balabac,PH,2021-05-24 01:24:48,7.9868,117.0645,83.46,77,100,8.52
129,Yaan,NG,2021-05-24 01:24:49,7.3833,8.5667,74.73,91,54,5.1
130,Lima,PE,2021-05-24 01:21:55,-12.0432,-77.0282,62.85,77,0,11.5
131,Arlit,NE,2021-05-24 01:24:49,18.7369,7.3853,88.92,9,6,9.98
132,Amarpatan,IN,2021-05-24 01:24:49,24.3167,80.9833,87.91,30,65,4.25
133,Cananea,MX,2021-05-24 01:24:50,30.95,-110.3,78.84,9,0,13.31
134,Vardo,NO,2021-05-24 01:24:50,70.3705,31.1107,35.26,67,15,6.49
135,Srikakulam,IN,2021-05-24 01:24:51,18.3,83.9,86.95,53,100,5.03
136,Roros,NO,2021-05-24 01:24:51,62.5747,11.3842,30.04,93,75,2.3
137,Lugovskoy,RU,2021-05-24 01:24:51,56.9585,64.529,57.42,82,93,3.76
138,Kununurra,AU,2021-05-24 01:24:52,-15.7667,128.7333,84.18,51,23,5.75
139,Broken Hill,AU,2021-05-24 01:24:52,-31.95,141.4333,69.51,37,100,18.41
140,Verkhoyansk,RU,2021-05-24 01:24:52,67.5447,133.385,51.87,32,8,5.19
141,Stromness,GB,2021-05-24 01:24:53,58.965,-3.296,46.65,89,100,23.51
142,Dikson,RU,2021-05-24 01:24:53,73.5069,80.5464,27.88,86,74,13.98
143,Pringsewu,ID,2021-05-24 01:24:53,-5.3582,104.9744,78.75,85,96,0.85
144,Banting,MY,2021-05-24 01:24:54,2.8167,101.5,86.56,77,12,0.49
145,Moyale,KE,2021-05-24 01:24:54,3.5167,39.0584,66.22,67,99,10.31
146,Pangkalanbuun,ID,2021-05-24 01:24:55,-2.6833,111.6167,82.15,71,49,2.75
147,Monaghan,IE,2021-05-24 01:24:55,54.25,-6.9667,39.38,94,100,2.71
148,Hokitika,NZ,2021-05-24 01:24:55,-42.7167,170.9667,56.66,53,0,7.65
149,Tuktoyaktuk,CA,2021-05-24 01:24:56,69.4541,-133.0374,35.6,87,40,10.36
150,Parabel,RU,2021-05-24 01:24:56,58.6978,81.4825,59.61,66,1,10.67
151,San Patricio,US,2021-05-24 01:24:56,28.017,-97.5169,79.52,82,1,11.56
152,Hukuntsi,BW,2021-05-24 01:24:57,-24.0,21.75,52.74,58,0,10.36
153,Naron,ES,2021-05-24 01:22:22,43.5167,-8.1528,56.05,90,100,13.65
154,Mount Gambier,AU,2021-05-24 01:23:18,-37.8333,140.7667,63.68,50,100,13.51
155,Lorengau,PG,2021-05-24 01:24:57,-2.0226,147.2712,86.16,69,92,8.28
156,Port Hardy,CA,2021-05-24 01:24:58,50.6996,-127.4199,51.98,82,75,9.22
157,Nampula,MZ,2021-05-24 01:24:58,-15.1165,39.2666,64.35,94,0,10.36
158,Provideniya,RU,2021-05-24 01:24:58,64.3833,-173.3,35.71,75,75,22.37
159,Asau,RO,2021-05-24 01:24:59,46.4333,26.4,59.92,93,33,11.16
160,La Ronge,CA,2021-05-24 01:24:59,55.1001,-105.2842,62.85,45,75,6.91
161,Salalah,OM,2021-05-24 01:24:59,17.0151,54.0924,82.49,78,40,2.3
162,Waipawa,NZ,2021-05-24 01:23:06,-41.4122,175.5153,52.45,71,100,17.0
163,Meulaboh,ID,2021-05-24 01:25:00,4.1363,96.1285,79.41,80,95,4.23
164,Muskegon,US,2021-05-24 01:24:44,43.3,-86.1334,62.22,92,90,10.51
165,Strezhevoy,RU,2021-05-24 01:25:01,60.7333,77.5889,58.98,56,65,14.79
166,Linxia,CN,2021-05-24 01:25:01,35.6003,103.2064,53.42,54,2,2.46
167,Nenjiang,CN,2021-05-24 01:25:01,49.1833,125.2167,47.46,59,100,15.5
168,Kalanguy,RU,2021-05-24 01:25:02,51.0167,116.5167,40.69,58,100,19.06
169,Luderitz,NA,2021-05-24 01:25:02,-26.6481,15.1594,72.43,33,0,8.3
170,Sarila,IN,2021-05-24 01:25:02,25.7667,79.6833,87.39,38,0,8.12
171,Kimbe,PG,2021-05-24 01:25:03,-5.5502,150.1429,86.0,69,100,2.15
172,Barrow,US,2021-05-24 01:25:07,71.2906,-156.7887,33.82,75,90,21.85
173,Airai,TL,2021-05-24 01:25:07,-8.9266,125.4092,69.69,49,78,2.46
174,Vostok,RU,2021-05-24 01:25:08,46.4856,135.8833,54.39,90,100,3.11
175,Baherden,TM,2021-05-24 01:24:11,38.4362,57.4316,76.98,15,5,2.51
176,Kodiak,US,2021-05-24 01:25:08,57.79,-152.4072,56.71,51,1,5.75
177,Bluff,NZ,2021-05-24 01:25:09,-46.6,168.3333,49.8,63,100,7.99
178,Glendive,US,2021-05-24 01:25:09,47.1053,-104.7125,59.49,92,75,8.05
179,Zerbst,DE,2021-05-24 01:25:09,51.9667,12.0833,49.39,90,32,6.29
180,Anadyr,RU,2021-05-24 01:25:10,64.75,177.4833,41.5,91,75,17.0
181,Ahuimanu,US,2021-05-24 01:25:10,21.4447,-157.8378,82.11,65,90,10.36
182,Chuy,UY,2021-05-24 01:25:10,-33.6971,-53.4616,54.81,87,100,21.9
183,Thompson,CA,2021-05-24 01:25:11,55.7435,-97.8558,57.36,51,20,9.22
184,Banamba,ML,2021-05-24 01:25:11,13.55,-7.45,87.31,35,92,7.23
185,Jasper,US,2021-05-24 01:22:26,37.2001,-94.3502,74.82,76,20,1.01
186,Klyuchi,RU,2021-05-24 01:25:12,52.2667,79.1667,69.76,43,100,6.08
187,Paso De Carrasco,UY,2021-05-24 01:20:43,-34.8603,-56.0522,55.54,76,75,17.27
188,Chumikan,RU,2021-05-24 01:25:12,54.7183,135.315,32.61,95,100,26.8
189,Lang Son,VN,2021-05-24 01:22:10,21.8333,106.7333,75.61,86,100,6.6
190,Maragogi,BR,2021-05-24 01:25:13,-9.0122,-35.2225,77.58,84,94,7.9
191,Torbay,CA,2021-05-24 01:25:14,47.6666,-52.7314,47.75,93,90,14.97
192,Loa Janan,ID,2021-05-24 01:25:14,-0.583,117.095,80.19,80,99,0.31
193,Allentown,US,2021-05-24 01:22:00,40.6084,-75.4902,84.65,57,1,12.66
194,Chokurdakh,RU,2021-05-24 01:25:14,70.6333,147.9167,28.17,92,25,0.96
195,Vargashi,RU,2021-05-24 01:25:15,55.3556,65.8467,66.42,76,76,4.21
196,Balakhta,RU,2021-05-24 01:25:15,55.38,91.6,56.23,96,100,11.41
197,Jalu,LY,2021-05-24 01:25:15,29.0331,21.5482,74.28,13,0,8.34
198,Myitkyina,MM,2021-05-24 01:25:16,25.3833,97.4,77.45,92,86,2.28
199,San Quintin,MX,2021-05-24 01:25:16,30.4833,-115.95,64.11,67,1,20.56
200,Hovd,MN,2021-05-24 01:25:17,48.0056,91.6419,57.27,35,7,0.29
201,Pisco,PE,2021-05-24 01:25:17,-13.7,-76.2167,65.01,82,0,12.66
202,Port Blair,IN,2021-05-24 01:25:17,11.6667,92.75,83.19,83,100,22.79
203,Sokol,RU,2021-05-24 01:23:28,59.4617,40.1206,50.74,96,86,9.64
204,Saint-Paul,RE,2021-05-24 01:25:18,-21.0096,55.2707,68.11,76,2,7.02
205,Sayat,TM,2021-05-24 01:25:18,38.7839,63.8803,66.07,16,0,3.18
206,Caxito,AO,2021-05-24 01:25:19,-8.5785,13.6643,77.65,98,58,2.59
207,Sabanalarga,CO,2021-05-24 01:25:19,10.6296,-74.9206,81.48,81,100,5.64
208,Bredasdorp,ZA,2021-05-24 01:25:19,-34.5322,20.0403,59.29,42,100,7.16
209,Zhanakorgan,KZ,2021-05-24 01:25:20,43.9098,67.2495,75.96,25,69,17.96
210,Hithadhoo,MV,2021-05-24 01:25:20,-0.6,73.0833,83.79,70,72,11.3
211,Gizo,SB,2021-05-24 01:25:20,-8.103,156.8419,82.15,82,100,16.93
212,Copiapo,CL,2021-05-24 01:25:21,-27.3667,-70.3333,53.29,46,100,0.72
213,Ketchikan,US,2021-05-24 01:25:21,55.3422,-131.6461,50.47,81,75,6.91
214,Pilikwe,BW,2021-05-24 01:25:21,-22.799,27.1938,51.03,79,0,4.07
215,Inongo,CD,2021-05-24 01:25:22,-1.95,18.2667,69.94,93,100,1.36
216,Adet,ET,2021-05-24 01:25:22,11.2644,37.4888,62.37,54,89,3.42
217,Port Hedland,AU,2021-05-24 01:25:22,-20.3167,118.5667,77.05,44,78,11.5
218,Ostrovnoy,RU,2021-05-24 01:25:23,68.0531,39.5131,33.04,68,8,4.47
219,Madimba,TZ,2021-05-24 01:25:23,-10.4,40.3333,68.72,81,29,11.21
220,Charleston,US,2021-05-24 01:21:12,32.7766,-79.9309,79.11,67,1,7.0
221,Pucallpa,PE,2021-05-24 01:25:24,-8.3791,-74.5539,77.04,94,75,5.75
222,Pangai,TO,2021-05-24 01:25:24,-19.8,-174.35,80.71,83,75,5.75
223,Trairi,BR,2021-05-24 01:22:02,-3.2778,-39.2689,78.4,83,6,8.34
224,Butembo,CD,2021-05-24 01:25:25,0.15,29.2833,58.73,98,93,1.99
225,Diamantino,BR,2021-05-24 01:25:25,-14.4086,-56.4461,69.26,95,100,7.23
226,Dumas,US,2021-05-24 01:25:25,35.8656,-101.9732,74.62,68,40,23.02
227,Sibolga,ID,2021-05-24 01:25:26,1.7427,98.7792,79.93,83,18,1.57
228,Tessalit,ML,2021-05-24 01:25:26,20.1986,1.0114,94.64,17,64,9.71
229,Erzin,TR,2021-05-24 01:25:26,36.9559,36.2,70.52,61,2,2.35
230,Hobyo,SO,2021-05-24 01:25:27,5.3505,48.5268,78.85,75,72,18.59
231,El Bordo,CO,2021-05-24 01:25:27,2.117,-76.9821,68.25,94,100,1.14
232,Santa Cruz,BO,2021-05-24 01:23:08,-17.8,-63.1667,63.86,31,90,9.93
233,Urucara,BR,2021-05-24 01:25:28,-2.5364,-57.76,77.07,85,100,2.46
234,Leh,IN,2021-05-24 01:25:28,34.1667,77.5833,39.2,88,98,6.31
235,Krasnovishersk,RU,2021-05-24 01:25:28,60.4078,57.082,53.38,78,100,3.58
236,Dubovskoye,RU,2021-05-24 01:25:29,47.4092,42.7575,63.34,89,100,7.07
237,Huarmey,PE,2021-05-24 01:25:29,-10.0681,-78.1522,66.69,85,99,8.99
238,Luanda,AO,2021-05-24 01:24:09,-8.8368,13.2343,77.0,94,40,6.91
239,Karratha,AU,2021-05-24 01:25:30,-20.7377,116.8463,72.86,53,100,15.75
240,Port Lincoln,AU,2021-05-24 01:25:30,-34.7333,135.8667,70.34,38,100,25.77
241,Sobolevo,RU,2021-05-24 01:25:30,54.4299,31.8996,44.47,97,98,5.95
242,Hofn,IS,2021-05-24 01:25:31,64.2539,-15.2082,41.25,78,100,13.71
243,Ban Tak,TH,2021-05-24 01:25:31,17.0432,99.0813,83.14,66,37,6.15
244,Kavaratti,IN,2021-05-24 01:25:31,10.5669,72.642,83.35,71,62,6.46
245,Porto Walter,BR,2021-05-24 01:25:32,-8.2686,-72.7439,73.96,98,13,2.75
246,Banda Aceh,ID,2021-05-24 01:25:24,5.5577,95.3222,82.81,76,100,9.95
247,Iqaluit,CA,2021-05-24 01:25:32,63.7506,-68.5145,17.33,72,75,11.99
248,Plouzane,FR,2021-05-24 01:25:33,48.3833,-4.6167,50.05,78,75,24.07
249,Playas,EC,2021-05-24 01:25:33,-2.6333,-80.3833,72.66,86,7,12.5
250,Avarua,CK,2021-05-24 01:25:33,-21.2078,-159.775,80.65,89,75,13.8
251,Le Port,RE,2021-05-24 01:25:34,-20.9373,55.2919,68.0,74,24,6.26
252,Iskateley,RU,2021-05-24 01:25:34,67.6803,53.1512,32.63,68,10,8.86
253,Chapais,CA,2021-05-24 01:25:35,49.7834,-74.8492,42.58,53,0,5.59
254,Clyde River,CA,2021-05-24 01:25:35,70.4692,-68.5914,19.63,93,90,18.41
255,Tefe,BR,2021-05-24 01:25:35,-3.3542,-64.7114,79.74,78,100,1.86
256,Trebisacce,IT,2021-05-24 01:25:36,39.8708,16.5312,69.57,67,4,1.79
257,Umarkot,PK,2021-05-24 01:25:36,25.3616,69.7362,82.98,71,0,11.77
258,Duekoue,CI,2021-05-24 01:25:36,6.7472,-7.3496,72.45,96,81,0.27
259,Mirnyy,RU,2021-05-24 01:25:37,62.5353,113.9611,52.57,35,0,4.09
260,Torrevieja,ES,2021-05-24 01:25:37,37.9787,-0.6822,59.02,88,100,1.01
261,Takoradi,GH,2021-05-24 01:25:38,4.8845,-1.7554,79.47,85,73,4.63
262,Sohbatpur,PK,2021-05-24 01:25:38,28.5202,68.5434,88.47,40,0,4.27
263,Itaueira,BR,2021-05-24 01:25:38,-7.6033,-43.0256,76.59,48,100,4.5
264,Laguna,US,2021-05-24 01:25:39,38.421,-121.4238,82.76,29,1,1.99
265,Aklavik,CA,2021-05-24 01:25:39,68.2191,-135.0107,38.12,84,99,19.77
266,Morrisburg,CA,2021-05-24 01:25:39,44.9001,-75.1826,59.38,57,0,8.14
267,Puerto Carreno,CO,2021-05-24 01:25:40,6.189,-67.4859,79.21,85,99,5.91
268,Landerneau,FR,2021-05-24 01:25:40,48.4525,-4.2525,50.76,87,0,14.72
269,Kokopo,PG,2021-05-24 01:25:40,-4.352,152.2633,83.66,70,99,3.22
270,Moroto,UG,2021-05-24 01:25:41,2.5345,34.6666,66.54,80,67,1.59
271,High Level,CA,2021-05-24 01:25:41,58.5169,-117.136,71.71,30,75,7.18
272,Daan,CN,2021-05-24 01:25:42,33.0558,106.2958,69.26,60,99,0.76
273,Maniitsoq,GL,2021-05-24 01:25:42,65.4167,-52.9,28.99,94,100,13.53
274,Havoysund,NO,2021-05-24 01:25:42,70.9963,24.6622,36.48,61,100,9.42
275,Bathsheba,BB,2021-05-24 01:25:43,13.2167,-59.5167,81.21,78,20,17.34
276,Upernavik,GL,2021-05-24 01:25:43,72.7868,-56.1549,25.32,91,18,9.4
277,Guilin,CN,2021-05-24 01:25:44,25.2819,110.2864,68.11,98,100,5.53
278,Hervey Bay,AU,2021-05-24 01:25:44,-25.2986,152.8535,73.51,74,20,8.01
279,Nouadhibou,MR,2021-05-24 01:25:45,20.931,-17.0347,67.98,77,0,17.27
280,Nyurba,RU,2021-05-24 01:25:45,63.2842,118.3319,54.46,31,35,4.9
281,Pudozh,RU,2021-05-24 01:25:45,61.8099,36.5345,50.79,97,100,4.38
282,Faya,SA,2021-05-24 01:25:46,18.3851,42.4509,64.51,39,0,4.12
283,Sitka,US,2021-05-24 01:25:46,57.0531,-135.33,51.69,71,90,5.75
284,Macomer,IT,2021-05-24 01:25:46,40.262,8.7699,58.03,76,100,7.61
285,Thunder Bay,CA,2021-05-24 01:24:27,48.4001,-89.3168,50.99,48,90,6.91
286,Portland,US,2021-05-24 01:25:47,45.5234,-122.6762,66.25,60,75,1.99
287,Biak,ID,2021-05-24 01:25:47,-0.9131,122.8766,79.83,78,91,10.6
288,Manono,CD,2021-05-24 01:25:48,-7.3,27.4167,66.06,53,76,4.94
289,Qostanay,KZ,2021-05-24 01:25:48,53.1667,63.5833,61.09,63,0,4.47
290,Mecca,SA,2021-05-24 01:25:48,21.4267,39.8261,83.34,47,3,1.9
291,Semnan,IR,2021-05-24 01:25:49,35.5729,53.3971,73.92,37,49,2.3
292,Jacareacanga,BR,2021-05-24 01:25:49,-6.2222,-57.7528,77.13,86,99,0.25
293,Zabol,AF,2021-05-24 01:25:49,32.25,67.25,62.35,14,0,8.86
294,Madang,PG,2021-05-24 01:25:50,-5.2246,145.7966,78.33,87,100,1.28
295,Sayyan,YE,2021-05-24 01:25:50,15.1718,44.3244,62.11,59,3,3.65
296,Turayf,SA,2021-05-24 01:25:50,31.6725,38.6637,62.85,51,0,9.22
297,Sao Joao Da Barra,BR,2021-05-24 01:24:52,-21.6403,-41.0511,75.49,80,97,7.87
298,Serdobsk,RU,2021-05-24 01:25:51,52.4586,44.2169,56.23,97,27,7.96
299,Koumac,NC,2021-05-24 01:25:51,-20.5667,164.2833,74.71,61,28,15.19
300,Nalgonda,IN,2021-05-24 01:25:52,17.05,79.2667,88.88,44,93,14.12
301,Tuatapere,NZ,2021-05-24 01:25:52,-46.1333,167.6833,49.82,72,11,4.45
302,Cascais,PT,2021-05-24 01:25:53,38.6979,-9.4215,60.51,71,6,13.0
303,Altay,CN,2021-05-24 01:25:53,47.8667,88.1167,64.9,34,0,0.45
304,Batemans Bay,AU,2021-05-24 01:25:53,-35.7167,150.1833,66.9,76,100,2.15
305,Nelson Bay,AU,2021-05-24 01:25:54,-32.7167,152.15,69.3,78,0,1.01
306,Penzance,GB,2021-05-24 01:25:54,50.1186,-5.5371,48.88,79,100,26.28
307,Half Moon Bay,US,2021-05-24 01:25:54,37.4636,-122.4286,73.22,83,90,11.5
308,Tabou,CI,2021-05-24 01:25:55,4.423,-7.3528,80.2,83,37,4.29
309,Muros,ES,2021-05-24 01:25:55,42.7762,-9.0603,58.84,85,99,12.19
310,Husavik,IS,2021-05-24 01:25:55,66.0449,-17.3389,39.11,95,100,7.56
311,Aksu,CN,2021-05-24 01:25:56,41.1231,80.2644,70.11,24,100,3.69
312,Avera,US,2021-05-24 01:25:56,33.194,-82.5271,80.71,53,48,5.41
313,Camacha,PT,2021-05-24 01:25:56,33.0833,-16.3333,61.56,59,40,9.22
314,Shimoda,JP,2021-05-24 01:25:57,34.6667,138.95,78.12,70,89,6.53
315,Reinosa,ES,2021-05-24 01:25:57,42.9996,-4.138,46.2,77,18,5.26
316,Santa Maria,BR,2021-05-24 01:25:57,-29.6842,-53.8069,56.5,83,75,13.98
317,Kologriv,RU,2021-05-24 01:25:58,58.8275,44.3178,51.33,91,89,6.2
318,Bunia,CD,2021-05-24 01:25:32,1.5667,30.25,61.3,97,30,2.13
319,Kontagora,NG,2021-05-24 01:25:58,10.3999,5.4695,76.75,72,100,2.86
320,Starkville,US,2021-05-24 01:25:47,33.4504,-88.8184,78.46,66,100,2.62
321,Thinadhoo,MV,2021-05-24 01:25:59,0.5333,72.9333,84.07,71,100,12.88
322,Rancharia,BR,2021-05-24 01:25:59,-22.2292,-50.8931,56.32,54,11,7.56
323,Namibe,AO,2021-05-24 01:25:59,-15.1961,12.1522,73.94,73,8,5.99
324,Inhambane,MZ,2021-05-24 01:26:00,-23.865,35.3833,65.28,69,0,9.69
325,Tandalti,SD,2021-05-24 01:26:00,13.0167,31.8667,87.39,13,6,8.32
326,Bedford,GB,2021-05-24 01:26:01,52.1346,-0.4663,48.67,95,66,9.73
327,Kalos Agros,GR,2021-05-24 01:26:01,41.1,24.0833,65.41,75,37,3.89
328,Winnemucca,US,2021-05-24 01:24:34,40.973,-117.7357,57.25,37,75,12.46
329,Shugurovo,RU,2021-05-24 01:26:02,54.5083,52.1326,68.86,36,5,12.59
330,Bowen,AU,2021-05-24 01:26:02,-20.0167,148.2333,77.22,65,6,19.44
331,Pangnirtung,CA,2021-05-24 01:26:02,66.1451,-65.7125,11.12,87,74,6.4
332,Nantucket,US,2021-05-24 01:26:01,41.2835,-70.0995,62.74,88,90,14.97
333,Natal,BR,2021-05-24 01:26:03,-5.795,-35.2094,77.22,86,40,8.46
334,Sidney,AU,2021-05-24 01:21:17,-33.8679,151.2073,68.11,89,75,1.01
335,Amahai,ID,2021-05-24 01:26:04,-3.3333,128.9167,76.53,95,100,6.38
336,Vila Velha,BR,2021-05-24 01:22:56,-20.3297,-40.2925,76.95,83,0,3.0
337,Yerbogachen,RU,2021-05-24 01:26:04,61.2767,108.0108,51.69,37,2,6.26
338,Great Yarmouth,GB,2021-05-24 01:26:05,52.6083,1.7305,51.46,92,100,28.59
339,Rocha,UY,2021-05-24 01:26:05,-34.4833,-54.3333,55.0,90,100,22.62
340,Saskylakh,RU,2021-05-24 01:26:05,71.9167,114.0833,37.18,99,100,16.22
341,Lavrentiya,RU,2021-05-24 01:26:06,65.5833,-171.0,33.33,94,45,5.82
342,Olinda,BR,2021-05-24 01:26:06,-8.0089,-34.8553,78.53,84,75,10.31
343,Nara,JP,2021-05-24 01:26:06,34.6851,135.8049,76.37,76,100,2.17
344,Semirara,PH,2021-05-24 01:26:07,12.0697,121.3986,84.34,71,29,11.41
345,Waingapu,ID,2021-05-24 01:26:07,-9.6567,120.2641,82.26,69,14,8.48
346,Sorland,NO,2021-05-24 01:22:11,67.667,12.6934,43.11,72,100,13.6
347,Buluang,PH,2021-05-24 01:26:08,13.3068,123.3425,86.99,64,10,1.07
348,Kamina,CD,2021-05-24 01:26:08,-8.7386,24.9906,57.18,61,18,4.23
349,Narrabri,AU,2021-05-24 01:26:08,-30.3167,149.7833,67.51,48,4,10.36
350,Pitimbu,BR,2021-05-24 01:26:09,-7.4706,-34.8086,77.59,85,26,10.07
351,Isiro,CD,2021-05-24 01:26:09,2.7739,27.616,64.67,99,100,2.04
352,Mayo,US,2021-05-24 01:26:09,38.8876,-76.5119,85.39,64,1,8.55
353,Grindavik,IS,2021-05-24 01:26:10,63.8424,-22.4338,42.75,73,75,0.98
354,Pierre,US,2021-05-24 01:23:42,44.3683,-100.351,81.52,69,40,5.99
355,Fernandez,AR,2021-05-24 01:26:10,-27.9204,-63.8935,51.87,38,67,3.09
356,Caravelas,BR,2021-05-24 01:26:11,-17.7125,-39.2481,75.78,87,44,9.82
357,Samarai,PG,2021-05-24 01:26:11,-10.6167,150.6667,81.21,66,98,16.49
358,Port-Cartier,CA,2021-05-24 01:26:12,50.0334,-66.8654,44.74,47,5,7.25
359,Espelkamp,DE,2021-05-24 01:26:12,52.3833,8.6167,50.72,79,100,8.5
360,Pueblo Nuevo,MX,2021-05-24 01:26:12,23.3833,-105.3833,69.71,29,6,5.59
361,Pirgos,GR,2021-05-24 01:26:13,35.1167,25.7178,65.93,47,0,7.4
362,Warrington,GB,2021-05-24 01:26:13,53.3925,-2.5802,46.49,97,81,1.01
363,Kuldur,RU,2021-05-24 01:26:13,49.2167,131.6333,47.82,90,100,7.27
364,Prince Rupert,CA,2021-05-24 01:26:14,54.3161,-130.3201,53.29,76,90,8.05
365,Male,MV,2021-05-24 01:26:14,4.1748,73.5089,84.15,84,75,17.27
366,Okhotsk,RU,2021-05-24 01:25:52,59.3833,143.3,37.38,82,100,6.93
367,Bongor,TD,2021-05-24 01:26:15,10.2806,15.3722,89.71,28,99,1.81
368,Kutum,SD,2021-05-24 01:26:15,14.2,24.6667,73.71,17,56,10.51
369,Kopaganj,IN,2021-05-24 01:26:15,26.0233,83.5658,88.12,29,0,5.93
370,Nanortalik,GL,2021-05-24 01:26:16,60.1432,-45.2371,35.83,67,100,7.49
371,Coquimbo,CL,2021-05-24 01:26:16,-29.9533,-71.3436,55.13,66,0,2.68
372,San Juan,AR,2021-05-24 01:24:57,-31.5375,-68.5364,64.72,33,0,5.61
373,Acarau,BR,2021-05-24 01:22:35,-2.8856,-40.12,78.64,85,7,12.26
374,Port Hawkesbury,CA,2021-05-24 01:26:17,45.6169,-61.3485,42.39,93,75,7.0
375,Yarada,IN,2021-05-24 01:26:17,17.65,83.2667,84.52,54,90,5.41
376,Deputatskiy,RU,2021-05-24 01:26:18,69.3,139.9,37.6,64,6,5.06
377,Skjervoy,NO,2021-05-24 01:26:18,70.0311,20.9714,37.13,63,13,8.34
378,Purpe,RU,2021-05-24 01:26:18,64.4803,76.6897,57.72,64,4,24.99
379,Pemba,MZ,2021-05-24 01:26:19,-12.974,40.5178,68.7,88,20,9.22
380,Garmsar,IR,2021-05-24 01:26:19,35.2182,52.3409,76.75,35,92,5.08
381,Susanville,US,2021-05-24 01:26:19,40.4163,-120.653,64.24,38,75,5.99
382,Longyearbyen,SJ,2021-05-24 01:26:20,78.2186,15.6401,26.44,74,20,10.36
383,Touros,BR,2021-05-24 01:26:20,-5.1989,-35.4608,76.1,87,8,10.67
384,Santa Vitoria Do Palmar,BR,2021-05-24 01:26:21,-33.5189,-53.3681,54.36,86,100,22.91
385,Chaozhou,CN,2021-05-24 01:26:21,23.6651,116.6379,89.46,63,58,4.21
386,Jha Jha,IN,2021-05-24 01:26:21,24.7667,86.3667,90.9,39,97,2.15
387,Labytnangi,RU,2021-05-24 01:26:22,66.6572,66.4183,36.23,52,8,16.46
388,Narsaq,GL,2021-05-24 01:26:22,60.9167,-46.05,41.22,49,100,12.5
389,Gobabis,NA,2021-05-24 01:26:23,-22.45,18.9667,52.34,56,0,10.16
390,Mumford,GH,2021-05-24 01:26:23,5.2618,-0.759,79.18,86,92,3.98
391,Minyar,RU,2021-05-24 01:26:23,55.0709,57.5485,66.22,53,100,4.54
392,Chicama,PE,2021-05-24 01:26:24,-7.8447,-79.1469,63.14,83,100,5.86
393,Casablanca,MA,2021-05-24 01:26:24,33.5928,-7.6192,64.33,48,0,13.0
394,Rio Grande,BR,2021-05-24 01:26:24,-32.035,-52.0986,55.94,76,98,28.23
395,Macusani,PE,2021-05-24 01:26:25,-14.0833,-70.4333,35.04,87,100,1.39
396,Krasnoselkup,RU,2021-05-24 01:26:25,65.7,82.4667,50.88,70,10,8.34
397,Namanyere,TZ,2021-05-24 01:26:25,-7.5167,31.05,53.15,82,0,5.68
398,Nerchinskiy Zavod,RU,2021-05-24 01:26:26,51.3088,119.61,40.84,69,100,13.38
399,Sinop,TR,2021-05-24 01:22:11,41.7711,34.8709,52.18,60,24,4.76
400,Havre-Saint-Pierre,CA,2021-05-24 01:26:26,50.2334,-63.5986,39.56,52,1,2.3
401,Sargatskoye,RU,2021-05-24 01:26:27,55.6101,73.4972,61.74,86,100,8.66
402,Honiara,SB,2021-05-24 01:25:19,-9.4333,159.95,81.14,80,100,6.89
403,Yulara,AU,2021-05-24 01:26:27,-25.2406,130.9889,75.04,25,75,16.11
404,Nakamura,JP,2021-05-24 01:26:28,32.9833,132.9333,61.83,96,100,3.31
405,Sao Felix Do Xingu,BR,2021-05-24 01:26:28,-6.6447,-51.995,75.78,84,65,3.53
406,Gondanglegi,ID,2021-05-24 01:26:28,-7.7479,112.0132,80.33,79,88,5.66
407,Matay,EG,2021-05-24 01:26:29,28.419,30.7792,68.14,59,0,15.75
408,Geraldton,AU,2021-05-24 01:26:29,-28.7667,114.6,57.61,61,75,16.82
409,East London,ZA,2021-05-24 01:25:05,-33.0153,27.9116,64.67,28,95,5.95
410,Porteirinha,BR,2021-05-24 01:26:29,-15.7433,-43.0283,73.98,41,7,4.76
411,Manpur,IN,2021-05-24 01:26:30,22.4333,75.6167,79.65,57,43,12.97
412,Broome,US,2021-05-24 01:26:30,42.2506,-75.833,64.17,90,20,1.99
413,Kindu,CD,2021-05-24 01:26:30,-2.95,25.95,69.94,99,100,1.57
414,Cabra,ES,2021-05-24 01:26:31,37.4725,-4.4421,58.3,59,0,4.63
415,Yongchang,CN,2021-05-24 01:26:31,30.0381,119.7317,68.99,89,89,2.19
416,Kenai,US,2021-05-24 01:26:32,60.5544,-151.2583,63.03,29,1,11.5
417,Coromandel,BR,2021-05-24 01:26:32,-18.4733,-47.2003,67.19,76,100,3.85
418,Davila,PH,2021-05-24 01:26:32,18.4726,120.5763,87.78,71,0,10.76
419,Vasilyevskiy Mokh,RU,2021-05-24 01:26:33,57.0132,35.919,46.4,85,44,11.39
420,Nome,US,2021-05-24 01:26:33,64.5011,-165.4064,51.17,81,1,6.91
421,Codajas,BR,2021-05-24 01:26:34,-3.8367,-62.0569,77.0,84,20,2.66
422,Gamba,GA,2021-05-24 01:26:34,-2.65,10.0,75.9,94,100,4.74
423,Jhalawar,IN,2021-05-24 01:26:34,24.6,76.15,84.94,40,0,6.69
424,Nemuro,JP,2021-05-24 01:26:35,43.3236,145.575,57.63,93,98,7.09
425,Akcakoca,TR,2021-05-24 01:26:35,41.0866,31.1162,55.94,61,30,5.77
426,Harper,LR,2021-05-24 01:26:35,4.375,-7.7169,79.99,84,23,4.7
427,Bumba,CD,2021-05-24 01:26:36,2.1833,22.4667,69.46,98,77,1.36
428,Wahiawa,US,2021-05-24 01:26:36,21.5028,-158.0236,79.12,65,75,5.75
429,Poopo,BO,2021-05-24 01:26:37,-18.3667,-66.9667,42.35,22,100,2.21
430,Rorvik,NO,2021-05-24 01:26:37,64.8621,11.2373,46.92,74,96,11.1
431,Praia Da Vitoria,PT,2021-05-24 01:26:37,38.7333,-27.0667,57.76,88,20,4.88
432,Tagab,AF,2021-05-24 01:26:38,34.855,69.6492,57.11,56,0,2.77
433,Polunochnoye,RU,2021-05-24 01:26:38,60.8697,60.4153,55.92,63,100,2.91
434,Flinders,AU,2021-05-24 01:26:40,-34.5833,150.8552,66.79,87,48,1.99
435,Fort Frances,CA,2021-05-24 01:22:43,48.5999,-93.4003,53.82,74,67,1.99
436,Xingcheng,CN,2021-05-24 01:26:40,40.6167,120.7167,67.01,18,7,13.27
437,Daru,PG,2021-05-24 01:26:41,-9.0763,143.2092,81.77,75,27,17.16
438,Taoudenni,ML,2021-05-24 01:26:41,22.6783,-3.9836,96.93,16,51,12.24
439,Mishelevka,RU,2021-05-24 01:26:41,52.8575,103.1719,48.7,55,100,5.86
440,Poronaysk,RU,2021-05-24 01:26:42,49.2167,143.1167,48.04,76,53,8.01
441,Viedma,AR,2021-05-24 01:26:42,-40.8135,-62.9967,50.22,64,77,9.31
442,Dingle,PH,2021-05-24 01:26:42,10.9995,122.6711,85.71,66,11,3.58
443,Bambanglipuro,ID,2021-05-24 01:26:43,-7.95,110.2833,79.99,80,90,3.11
444,Mount Isa,AU,2021-05-24 01:26:43,-20.7333,139.5,78.57,41,0,14.97
445,Andenes,NO,2021-05-24 01:26:43,69.3143,16.1194,39.18,65,51,12.66
446,Sola,VU,2021-05-24 01:26:44,-13.8833,167.55,78.51,79,100,17.69
447,Kollam,IN,2021-05-24 01:26:44,8.8833,76.6,80.47,83,100,6.44
448,Povenets,RU,2021-05-24 01:26:45,62.8487,34.8262,47.55,98,100,5.79
449,Petropavlovsk-Kamchatskiy,RU,2021-05-24 01:26:45,53.0452,158.6483,50.59,85,75,4.43
450,Sudak,UA,2021-05-24 01:26:45,44.85,34.9667,60.96,67,100,1.21
451,Araouane,ML,2021-05-24 01:26:46,18.9048,-3.5265,93.38,22,6,7.72
452,Kupang,ID,2021-05-24 01:26:46,-10.1667,123.5833,86.58,54,20,10.36
453,Ponta Delgada,PT,2021-05-24 01:26:46,37.7333,-25.6667,54.32,82,20,6.91
454,Dakar,SN,2021-05-24 01:22:41,14.6937,-17.4441,68.88,90,9,13.02
455,Galesong,ID,2021-05-24 01:26:47,-5.3166,119.3661,82.42,77,95,3.91
456,Pontal Do Parana,BR,2021-05-24 01:26:47,-25.6533,-48.5128,66.09,54,1,7.36
457,Khash,IR,2021-05-24 01:26:48,28.2211,61.2158,72.61,24,5,3.09
458,Lensk,RU,2021-05-24 01:26:48,60.7253,114.9278,52.84,33,100,5.66
459,Ducheng,CN,2021-05-24 01:26:48,23.2373,111.5317,80.89,79,100,5.06
460,Mehamn,NO,2021-05-24 01:26:49,71.0357,27.8492,35.26,70,22,4.94
461,Ganta,LR,2021-05-24 01:26:49,7.3022,-8.5308,70.05,98,73,0.72
462,My Tho,VN,2021-05-24 01:26:49,10.35,106.35,78.84,92,100,7.0
463,Zelenets,RU,2021-05-24 01:26:50,61.8849,50.7489,52.05,66,98,7.85
464,Sept-Iles,CA,2021-05-24 01:26:50,50.2001,-66.3821,45.05,47,20,4.61
465,Norsup,VU,2021-05-24 01:26:50,-16.0667,167.3833,80.1,65,53,12.01
466,Sohag,EG,2021-05-24 01:26:51,26.557,31.6948,75.49,31,0,10.4
467,Auki,SB,2021-05-24 01:26:51,-8.7676,160.7034,80.19,77,100,4.34
468,Narbonne,FR,2021-05-24 01:26:52,43.0833,2.8333,56.01,60,100,4.36
469,Niquelandia,BR,2021-05-24 01:22:49,-14.4739,-48.4597,74.39,55,70,3.02
470,Staryy Nadym,RU,2021-05-24 01:26:52,65.6118,72.6842,47.64,64,82,26.62
471,Baykit,RU,2021-05-24 01:26:53,61.67,96.37,44.11,99,100,3.51
472,Bukachacha,RU,2021-05-24 01:26:53,52.9833,116.9167,40.91,68,100,13.6
473,Kirkuk,IQ,2021-05-24 01:26:53,35.4681,44.3922,73.45,27,58,6.04
474,Kouqian,CN,2021-05-24 01:26:54,43.6391,126.4578,58.53,41,0,16.87
475,Tutoia,BR,2021-05-24 01:26:51,-2.7619,-42.2744,79.66,82,6,6.85
476,Presidencia Roque Saenz Pena,AR,2021-05-24 01:26:54,-26.7852,-60.4388,52.92,62,4,5.97
477,Barrhead,GB,2021-05-24 01:26:55,55.7992,-4.3929,44.33,91,100,1.01
478,Yar-Sale,RU,2021-05-24 01:26:55,66.8333,70.8333,39.81,56,64,27.58
479,Tecoanapa,MX,2021-05-24 01:26:56,16.5167,-98.75,84.76,66,0,6.46
480,Anacortes,US,2021-05-24 01:26:56,48.5126,-122.6127,61.54,84,90,1.99
481,Georgiyevskoye,RU,2021-05-24 01:26:56,58.731,45.024,51.19,95,63,4.9
482,Coos Bay,US,2021-05-24 01:26:57,43.3665,-124.2179,62.06,77,90,8.05
483,Bandar,ID,2021-05-24 01:26:57,2.05,99.75,78.19,89,95,1.1
484,Kayerkan,RU,2021-05-24 01:26:57,69.3497,87.7602,32.34,98,100,4.56
485,Coulommiers,FR,2021-05-24 01:26:58,48.8145,3.085,55.78,73,38,5.01
486,Tazovskiy,RU,2021-05-24 01:26:58,67.4667,78.7,42.57,88,95,16.8
487,Omboue,GA,2021-05-24 01:26:59,-1.5746,9.2618,76.23,92,100,5.99
488,Conde,BR,2021-05-24 01:26:59,-7.2597,-34.9075,76.46,90,75,7.34
489,Ramban,IN,2021-05-24 01:26:59,33.25,75.25,58.01,77,0,8.93
490,Kamenka,RU,2021-05-24 01:27:00,51.3223,42.7678,53.4,90,17,8.25
491,Shelburne,CA,2021-05-24 01:27:00,44.0787,-80.2041,62.56,59,99,5.55
492,Ngama,TD,2021-05-24 01:27:00,11.7833,17.1667,86.72,11,98,9.53
493,Nouakchott,MR,2021-05-24 01:27:01,18.0858,-15.9785,66.13,92,0,14.0
494,Naze,JP,2021-05-24 01:22:21,28.3667,129.4833,76.12,86,99,17.81
495,Adrar,MR,2021-05-24 01:27:01,20.5022,-10.0711,89.38,21,67,7.76
496,Mugan,CN,2021-05-24 01:27:02,35.9404,101.3842,51.49,44,4,2.62
497,Ahipara,NZ,2021-05-24 01:27:02,-35.1667,173.1667,59.94,64,100,14.47
498,Mardan,PK,2021-05-24 01:27:03,34.2019,72.0525,72.14,56,0,3.09
499,San Pedro,PH,2021-05-24 01:27:03,14.35,121.0167,91.35,60,20,7.58
500,Gold Coast,AU,2021-05-24 01:26:56,-28.0,153.4333,75.34,65,0,11.01
501,Bacolod,PH,2021-05-24 01:26:19,10.6667,122.95,85.64,66,5,2.75
502,The Valley,AI,2021-05-24 01:22:57,18.217,-63.0578,82.26,83,100,19.57
503,Tsumeb,NA,2021-05-24 01:27:04,-19.2333,17.7167,53.15,46,0,9.13
504,Paranapanema,BR,2021-05-24 01:27:04,-23.3886,-48.7228,56.01,62,53,6.96
505,Maldonado,UY,2021-05-24 01:27:05,-34.6667,-54.9167,58.39,89,95,23.73
506,Rebrikha,RU,2021-05-24 01:27:05,53.0733,82.3408,63.95,73,100,1.48
507,Xiuyan,CN,2021-05-24 01:27:05,40.2928,123.2744,66.34,29,95,7.16
508,Murray Bridge,AU,2021-05-24 01:27:06,-35.1167,139.2667,75.31,42,100,19.84
509,Dubbo,AU,2021-05-24 01:27:06,-32.25,148.6167,66.33,55,9,12.66
510,Acapulco,MX,2021-05-24 01:27:06,16.8634,-99.8901,85.82,63,1,6.73
511,Yeppoon,AU,2021-05-24 01:27:07,-23.1333,150.7333,74.98,70,34,14.03
512,Omaruru,NA,2021-05-24 01:27:07,-21.4333,15.9333,57.78,46,0,8.14
513,Khuzdar,PK,2021-05-24 01:27:07,27.7384,66.6434,70.05,63,0,3.51
514,Rabo De Peixe,PT,2021-05-24 01:27:08,37.8,-25.5833,53.11,74,20,2.82
515,Dwarka,IN,2021-05-24 01:27:08,22.2394,68.9678,84.51,74,0,12.35
516,Richards Bay,ZA,2021-05-24 01:22:54,-28.783,32.0377,62.29,82,0,9.95
517,Safaga,EG,2021-05-24 01:27:09,26.7292,33.9365,75.15,40,0,14.74
518,Honningsvag,NO,2021-05-24 01:27:09,70.9821,25.9704,36.75,63,11,9.42
519,Menongue,AO,2021-05-24 01:27:09,-14.6585,17.691,51.71,65,0,4.07
520,Waddan,LY,2021-05-24 01:27:10,29.1614,16.139,81.9,15,0,16.17
521,Zyryanka,RU,2021-05-24 01:27:10,65.75,150.85,53.4,46,0,4.34
522,Alepe,CI,2021-05-24 01:27:10,5.5004,-3.6631,80.47,95,99,1.9
523,Dombarovskiy,RU,2021-05-24 01:27:11,50.7587,59.5386,69.24,36,4,7.0
524,Trincomalee,LK,2021-05-24 01:27:11,8.5711,81.2335,82.31,81,89,21.97
525,Yara,CU,2021-05-24 01:27:11,20.2753,-76.9533,73.89,89,93,11.21
526,Bayir,TR,2021-05-24 01:27:12,37.2687,28.2167,54.12,40,0,4.27
527,Punta Alta,AR,2021-05-24 01:27:12,-38.8759,-62.0736,51.1,70,0,9.22
528,Nuuk,GL,2021-05-24 01:27:12,64.1835,-51.7216,27.21,100,90,6.91
529,Ukiah,US,2021-05-24 01:27:13,39.1502,-123.2078,78.12,31,1,10.36
530,Uaua,BR,2021-05-24 01:27:13,-9.8414,-39.4817,70.0,60,70,9.06
531,Canico,PT,2021-05-24 01:27:14,32.6333,-16.85,65.03,83,40,1.99
532,Zeerust,ZA,2021-05-24 01:27:14,-25.5369,26.0751,43.61,78,53,0.76
533,Svetlyy,RU,2021-05-24 01:27:14,54.675,20.1347,46.45,92,3,11.18
534,Ossora,RU,2021-05-24 01:27:15,59.2353,163.0719,41.49,64,9,11.18
535,Zhezkazgan,KZ,2021-05-24 01:27:15,47.8043,67.7144,66.56,39,0,11.56
536,Isangel,VU,2021-05-24 01:27:15,-19.55,169.2667,77.11,61,40,8.99
537,Bull Savanna,JM,2021-05-24 01:27:16,17.8868,-77.5902,77.14,79,85,5.88
538,Balclutha,NZ,2021-05-24 01:27:16,-46.2339,169.75,48.6,79,99,1.74
539,Kungurtug,RU,2021-05-24 01:27:16,50.5994,97.5228,41.04,95,100,1.63
540,Holalkere,IN,2021-05-24 01:27:17,14.0333,76.1833,72.05,87,29,11.27
541,Zemio,CF,2021-05-24 01:27:17,5.0314,25.1361,68.97,98,100,2.33
542,Mehran,IR,2021-05-24 01:27:17,33.1222,46.1646,76.48,18,2,6.04
543,Jumla,NP,2021-05-24 01:27:18,29.2747,82.1838,56.91,77,0,1.86
544,Bentiu,SS,2021-05-24 01:27:18,9.2333,29.8333,83.28,58,74,7.38
545,Alice Springs,AU,2021-05-24 01:27:19,-23.7,133.8833,76.55,21,0,11.99
546,Dawlatabad,AF,2021-05-24 01:27:19,36.4141,64.9053,72.61,15,0,2.08
547,Bilma,NE,2021-05-24 01:27:19,18.6853,12.9164,88.2,10,0,4.7
548,Agirish,RU,2021-05-24 01:27:20,61.9247,63.0231,54.82,60,100,4.16
549,Abu Kamal,SY,2021-05-24 01:27:20,34.4506,40.9171,71.62,39,31,11.07
550,Tanakpur,IN,2021-05-24 01:27:20,29.0833,80.1167,78.73,52,0,3.65
551,Port-Gentil,GA,2021-05-24 01:27:21,-0.7193,8.7815,79.54,85,100,13.04
552,Usinsk,RU,2021-05-24 01:27:21,65.9939,57.5281,34.18,53,8,10.18
553,Kampong Chhnang,KH,2021-05-24 01:27:22,12.1667,104.55,77.07,94,100,2.86
554,Asosa,ET,2021-05-24 01:27:22,10.0667,34.5333,66.29,69,21,1.48
555,Shamkhal,RU,2021-05-24 01:27:22,43.0596,47.3373,73.38,77,13,7.87
556,Acajutla,SV,2021-05-24 01:27:23,13.5928,-89.8275,82.9,77,97,4.29
557,Zhigansk,RU,2021-05-24 01:27:23,66.7697,123.3711,47.34,36,1,8.28
558,Oberstdorf,DE,2021-05-24 01:27:23,47.4,10.2833,48.54,89,100,6.76
559,Shreveport,US,2021-05-24 01:27:01,32.5251,-93.7502,79.02,61,1,6.91
560,Kahului,US,2021-05-24 01:27:24,20.8947,-156.47,84.22,70,40,14.97
561,Rensvik,NO,2021-05-24 01:27:24,63.1,7.8167,49.66,93,75,4.61
562,Marand,IR,2021-05-24 01:24:05,38.4329,45.7749,70.14,54,5,5.97
563,Soanierana Ivongo,MG,2021-05-24 01:27:25,-16.9167,49.5833,67.84,89,85,6.08
